<keymap version="1" name="Default for macOS copy" parent="Mac OS X 10.5+">
  <action id="ActivateTerminalToolWindow">
    <keyboard-shortcut first-keystroke="meta back_slash" />
  </action>
  <action id="Back">
    <keyboard-shortcut first-keystroke="meta alt left" />
    <mouse-shortcut keystroke="button4" />
  </action>
  <action id="CloseContent" />
  <action id="CloseProject">
    <keyboard-shortcut first-keystroke="shift meta w" />
  </action>
  <action id="CollapseDocComments">
    <keyboard-shortcut first-keystroke="shift ctrl minus" />
  </action>
  <action id="Diff.NextChange">
    <keyboard-shortcut first-keystroke="meta close_bracket" />
  </action>
  <action id="Diff.PrevChange">
    <keyboard-shortcut first-keystroke="meta open_bracket" />
  </action>
  <action id="EditorDeleteLine">
    <keyboard-shortcut first-keystroke="meta back_space" />
    <keyboard-shortcut first-keystroke="meta d" />
  </action>
  <action id="EditorDuplicate" />
  <action id="EditorSelectWord">
    <keyboard-shortcut first-keystroke="alt up" />
    <keyboard-shortcut first-keystroke="meta w" />
  </action>
  <action id="EvaluateExpression">
    <keyboard-shortcut first-keystroke="alt f8" />
    <keyboard-shortcut first-keystroke="meta alt back_slash" />
  </action>
  <action id="FileChooser.GotoDesktop" />
  <action id="FindNext" />
  <action id="Forward">
    <keyboard-shortcut first-keystroke="meta alt right" />
    <mouse-shortcut keystroke="button5" />
  </action>
  <action id="Generate">
    <keyboard-shortcut first-keystroke="ctrl enter" />
  </action>
  <action id="GotoClass">
    <keyboard-shortcut first-keystroke="meta n" />
  </action>
  <action id="GotoLine">
    <keyboard-shortcut first-keystroke="meta l" />
    <keyboard-shortcut first-keystroke="meta g" />
  </action>
  <action id="GotoSymbol" />
  <action id="NewElement">
    <keyboard-shortcut first-keystroke="ctrl enter" />
  </action>
  <action id="OptimizeImports">
    <keyboard-shortcut first-keystroke="meta alt o" />
  </action>
  <action id="RenameElement">
    <keyboard-shortcut first-keystroke="shift f6" />
    <keyboard-shortcut first-keystroke="ctrl meta r" />
  </action>
  <action id="RerunTests">
    <keyboard-shortcut first-keystroke="shift alt r" />
  </action>
</keymap>