<application>
  <component name="FileTypeManager" version="18">
    <extensionMap>
      <mapping ext="epub" type="ARCHIVE" />
      <mapping ext="htmlz" type="ARCHIVE" />
      <mapping pattern="cacerts" type="AUTO_DETECTED" />
      <mapping pattern="Procfile" type="AUTO_DETECTED" />
      <mapping pattern="BeaconScanner" type="AUTO_DETECTED" />
      <mapping pattern="ALU" type="AUTO_DETECTED" />
      <mapping pattern="SevenSegments" type="AUTO_DETECTED" />
      <mapping pattern="PowerConsumption" type="AUTO_DETECTED" />
      <mapping pattern="PacketDecoderTest" type="AUTO_DETECTED" />
      <mapping pattern="DumboOctopus" type="AUTO_DETECTED" />
      <mapping pattern="snyk" type="AUTO_DETECTED" />
      <mapping pattern="test" type="AUTO_DETECTED" />
      <mapping pattern="Amphipod_full" type="AUTO_DETECTED" />
      <mapping pattern="SyntaxScoring" type="AUTO_DETECTED" />
      <mapping pattern="PassagePathing" type="AUTO_DETECTED" />
      <mapping pattern="Dive" type="AUTO_DETECTED" />
      <mapping pattern="ReactorReboot" type="AUTO_DETECTED" />
      <mapping pattern="metro" type="AUTO_DETECTED" />
      <mapping pattern="TrenchMap" type="AUTO_DETECTED" />
      <mapping pattern="ExtendedPolymerization" type="AUTO_DETECTED" />
      <mapping pattern="Snailfish" type="AUTO_DETECTED" />
      <mapping pattern="Amphipod" type="AUTO_DETECTED" />
      <mapping pattern="Amphipod_example" type="AUTO_DETECTED" />
      <mapping pattern="SonarSweep" type="AUTO_DETECTED" />
      <mapping pattern="TreacheryOfWhales" type="AUTO_DETECTED" />
      <mapping pattern="SmokeBasin" type="AUTO_DETECTED" />
      <mapping pattern="Chiton_Daniel" type="AUTO_DETECTED" />
      <mapping pattern="SeaCucumber_test" type="AUTO_DETECTED" />
      <mapping pattern="incident-1368-de.csv" type="AUTO_DETECTED" />
      <mapping pattern="GiantSquid" type="AUTO_DETECTED" />
      <mapping pattern="PacketDecoder" type="AUTO_DETECTED" />
      <mapping pattern="TrenchMapTest" type="AUTO_DETECTED" />
      <mapping pattern="TransparentOrigami" type="AUTO_DETECTED" />
      <mapping pattern="HydrothermalVenture" type="AUTO_DETECTED" />
      <mapping pattern="Chiton" type="AUTO_DETECTED" />
      <mapping pattern="Lanternfish" type="AUTO_DETECTED" />
      <mapping pattern="SeaCucumber" type="AUTO_DETECTED" />
      <mapping pattern="Jenkinsfile" type="Groovy" />
      <mapping ext="space.kts" type="Kotlin" />
      <mapping ext="gradle.kts" type="Kotlin" />
      <mapping ext="main.kts" type="Kotlin" />
      <mapping pattern="ids_orig" type="PLAIN_TEXT" />
      <mapping pattern="all_points.json" type="PLAIN_TEXT" />
      <mapping pattern="idd" type="PLAIN_TEXT" />
      <mapping pattern="countries" type="PLAIN_TEXT" />
      <mapping pattern="ids" type="PLAIN_TEXT" />
      <mapping pattern=".notags" type="PLAIN_TEXT" />
      <mapping pattern="countries_info" type="PLAIN_TEXT" />
      <mapping ext="shp" type="PLAIN_TEXT" />
      <mapping ext="request" type="PLAIN_TEXT" />
      <mapping ext="factories" type="PLAIN_TEXT" />
      <mapping ext="todo" type="PLAIN_TEXT" />
      <mapping ext="dbf" type="PLAIN_TEXT" />
      <mapping ext="quest" type="PLAIN_TEXT" />
      <mapping ext="shx" type="PLAIN_TEXT" />
      <mapping ext="pem" type="PLAIN_TEXT" />
      <mapping ext="gpg" type="PLAIN_TEXT" />
      <mapping ext="exec" type="PLAIN_TEXT" />
      <removed_mapping ext="chm" approved="true" type="Native" />
      <removed_mapping ext="graphqlconfig" approved="true" type="JSON" />
      <removed_mapping ext="ignore" approved="true" type="IgnoreLang file" />
      <removed_mapping pattern="Jenkinsfile" approved="true" type="PLAIN_TEXT" />
      <mapping pattern="*.graphql.request" type="GraphQL" />
    </extensionMap>
  </component>
</application>