<application>
  <component name="SonarLintGlobalSettings">
    <option name="rulesByKey">
      <map>
        <entry key="java:S1220">
          <value>
            <Rule active="false" key="java:S1220" />
          </value>
        </entry>
        <entry key="java:S2925">
          <value>
            <Rule active="false" key="java:S2925" />
          </value>
        </entry>
      </map>
    </option>
    <rules>
      <Rule active="false" key="java:S1220" />
      <Rule active="false" key="java:S2925" />
    </rules>
  </component>
</application>